title,summary
"Advanced Micro Devices, Inc. (AMD) Latest Stock News & Headlines ...","Advanced Micro Devices, Inc. (AMD) Dominates CPU Sales and Powers Ayaneo's Latest Gaming Console. We recently compiled a list of the 15 AI News Updates Wall Street Is Monitoring. In this article, we are going to take a look at where Advanced Micro Devices, Inc. (NASDAQ:AMD) stands against the other AI stocks Wall Street is monitoring."
Advanced Micro Devices (AMD)'s AI Accelerator Breakthrough: TensorWave ...,"We recently published a list of 15 AI News Investors Are Paying Attention To. In this article, we are going to take a look at where Advanced Micro Devices, Inc. (NASDAQ:AMD) stands against other"
"Advanced Micro Devices, Inc. (AMD) Latest Stock News & Headlines ...","Gold2,047.80+1.40(+0.07%)
Advanced Micro Devices, Inc. (AMD)
Inside Bar (Bullish)
Subscribe to Yahoo Finance Plus to view Fair Value for AMD
AMD CEO planning for success on AI chip demand
Advanced Micro Devices (AMD) unveiled its MI300 data center chip at its ""Advancing AI"" event on Wednesday. As AI adoption grows through deployments of OpenAI's ChatGPT and Microsoft's Copilot, Su explains the ability of AMD's new chip to help eliminate lags, discrepancies, and knowledge gaps to heighten accuracy in large-language models. Dow Jones Futures: AI-Fueled AMD Leads Four Tech Giants Into Buy Zones; Jobs Report Due
AMD and Google jumped on AI optimism, leading Thursday's market rally. Making Continued Progress on ESG Strategy
In 2022, Pfizer continued to execute on its core strategy and made progress towards its ambitious ESG goals. For more expert insight and the latest market action, click here to watch this full episode of Yahoo Finance Live.
"
"Press Releases :: Advanced Micro Devices, Inc. (AMD)","(AMD) Contacts & FAQ Nov 18, 2024 1:00pm EST AMD Announces Versal Premium Series Gen 2 Enabling New Levels of System Acceleration to Meet the Demands of Data-Intensive Workloads AMD Reports Third Quarter 2024 Financial Results Oct 29, 2024 4:15pm EDT AMD to Report Fiscal Third Quarter 2024 Financial Results AMD Launches New Ryzen™ AI PRO 300 Series Processors to Power Next Generation of Commercial PCs Oct 10, 2024 2:01pm EDT AMD Delivers Leadership AI Performance with AMD Instinct MI325X Accelerators Oct 10, 2024 2:00pm EDT AMD Launches 5th Gen AMD EPYC CPUs, Maintaining Leadership Performance and Features for the Modern Data Center Oct 10, 2024 1:59pm EDT AMD Unveils Leadership AI Solutions at Advancing AI 2024 Oct 10, 2024 1:58pm EDT"
Lisa Su Just Delivered Incredible News for Advanced Micro Devices Stock ...,"Although Advanced Micro Devices is still trailing Nvidia in the market for AI GPUs, Su's comments suggest the company is catching up at a rapid clip. Advanced Micro Devices was more than a year behind Nvidia in the AI GPU race Advanced Micro Devices has explicitly said the MI350X will compete directly with Nvidia's Blackwell chips. Nvidia plans to ramp up shipments of Blackwell GPUs during its fiscal 2025 fourth quarter (which runs from November to January), whereas Su said Advanced Micro Devices will start shipping the MI350X in the second half of calendar 2025. The Motley Fool has positions in and recommends Advanced Micro Devices, Amazon, Meta Platforms, Microsoft, Nvidia, and Oracle."
